Issue ID,Description,State,Severity,Story Points,Project Path,Location Kind,Path,Line,Column,Incident ID,Help Link,Assembly Name,Assembly Version,Assembly Public Key,Snippet
Project.0002,Project's target framework(s) needs to be changed,Active,Mandatory,1,WarriorsGuild.Common\WarriorsGuild.Common.csproj,File,WarriorsGuild.Common\WarriorsGuild.Common.csproj,,,,,,,,Current target framework: net6.0 Recommended target framework: net10.0
Api.0002,Source incompatible for selected .NET version,Active,Potential,1,WarriorsGuild.Common\WarriorsGuild.Common.csproj,File,WarriorsGuild.Common\Helpers.cs,47,16,M:System.TimeSpan.FromMilliseconds(System.Double),,,,,"return Regex.IsMatch( email,                      @""^(?("""")("""".+?(?<!\\)""""@)|(([0-9a-z]((\.(?!\.))|[-!#\$%&'\*\+/=\?\^`\{\}\|~\w])*)(?<=[0-9a-z])@))"" +                      @""(?(\[)(\[(\d{1,3}\.){3}\d{1,3}\])|(([0-9a-z][-0-9a-z]*[0-9a-z]*\.)+[a-z0-9][\-a-z0-9]{0,22}[a-z0-9]))$"",                      RegexOptions.IgnoreCase, TimeSpan.FromMilliseconds( 250 ) );"
Api.0002,Source incompatible for selected .NET version,Active,Potential,1,WarriorsGuild.Common\WarriorsGuild.Common.csproj,File,WarriorsGuild.Common\Helpers.cs,21,16,M:System.TimeSpan.FromMilliseconds(System.Double),,,,,"email = Regex.Replace( email, @""(@)(.+)$"", DomainMapper,                                        RegexOptions.None, TimeSpan.FromMilliseconds( 200 ) );"
Api.0003,Behavioral change in selected .NET version,Active,Potential,1,WarriorsGuild.Common\WarriorsGuild.Common.csproj,File,WarriorsGuild.Common\CustomFileResult.cs,49,21,T:System.Net.Http.HttpContent,,,,,"response.Content.Headers.ContentType = new MediaTypeHeaderValue( ContentType ?? ""application/octet-stream"" );"
Api.0003,Behavioral change in selected .NET version,Active,Potential,1,WarriorsGuild.Common\WarriorsGuild.Common.csproj,File,WarriorsGuild.Common\CustomFileResult.cs,44,25,T:System.Net.Http.HttpContent,,,,,"response.Content.Headers.ContentDisposition = new ContentDispositionHeaderValue( ""attachment"" )                           {                               FileName = FileDownloadName                           };"
Api.0003,Behavioral change in selected .NET version,Active,Potential,1,WarriorsGuild.Common\WarriorsGuild.Common.csproj,File,WarriorsGuild.Common\CustomFileResult.cs,38,21,T:System.Net.Http.HttpContent,,,,,"var response = new HttpResponseMessage( HttpStatusCode.OK )                       {                           Content = new StreamContent( File.OpenRead( FilePath ) ),                       };"
Project.0002,Project's target framework(s) needs to be changed,Active,Mandatory,1,WarriorsGuild.Crosses\WarriorsGuild.Crosses.csproj,File,WarriorsGuild.Crosses\WarriorsGuild.Crosses.csproj,,,,,,,,Current target framework: net6.0 Recommended target framework: net10.0
NuGet.0002,NuGet package upgrade is recommended,Active,Potential,1,WarriorsGuild\WarriorsGuild.csproj,File,WarriorsGuild\WarriorsGuild.csproj,,,Microsoft.AspNetCore.Authentication.Facebook 6.0.16,,,,,"Microsoft.AspNetCore.Authentication.Facebook, 6.0.16  Recommendation:  Remove Microsoft.AspNetCore.Authentication.Facebook, and replace with new package Microsoft.AspNetCore.Authentication.Facebook 10.0.2"
NuGet.0002,NuGet package upgrade is recommended,Active,Potential,1,WarriorsGuild\WarriorsGuild.csproj,File,WarriorsGuild\WarriorsGuild.csproj,,,Microsoft.AspNetCore.Authentication.Google 6.0.16,,,,,"Microsoft.AspNetCore.Authentication.Google, 6.0.16  Recommendation:  Remove Microsoft.AspNetCore.Authentication.Google, and replace with new package Microsoft.AspNetCore.Authentication.Google 10.0.2"
NuGet.0002,NuGet package upgrade is recommended,Active,Potential,1,WarriorsGuild\WarriorsGuild.csproj,File,WarriorsGuild\WarriorsGuild.csproj,,,Microsoft.AspNetCore.Authentication.JwtBearer 6.0.16,,,,,"Microsoft.AspNetCore.Authentication.JwtBearer, 6.0.16  Recommendation:  Remove Microsoft.AspNetCore.Authentication.JwtBearer, and replace with new package Microsoft.AspNetCore.Authentication.JwtBearer 10.0.2"
NuGet.0002,NuGet package upgrade is recommended,Active,Potential,1,WarriorsGuild\WarriorsGuild.csproj,File,WarriorsGuild\WarriorsGuild.csproj,,,Microsoft.AspNetCore.Authentication.OpenIdConnect 6.0.16,,,,,"Microsoft.AspNetCore.Authentication.OpenIdConnect, 6.0.16  Recommendation:  Remove Microsoft.AspNetCore.Authentication.OpenIdConnect, and replace with new package Microsoft.AspNetCore.Authentication.OpenIdConnect 10.0.2"
NuGet.0002,NuGet package upgrade is recommended,Active,Potential,1,WarriorsGuild\WarriorsGuild.csproj,File,WarriorsGuild\WarriorsGuild.csproj,,,Microsoft.AspNetCore.DataProtection.EntityFrameworkCore 3.1.32,,,,,"Microsoft.AspNetCore.DataProtection.EntityFrameworkCore, 3.1.32  Recommendation:  Remove Microsoft.AspNetCore.DataProtection.EntityFrameworkCore, and replace with new package Microsoft.AspNetCore.DataProtection.EntityFrameworkCore 10.0.2"
NuGet.0002,NuGet package upgrade is recommended,Active,Potential,1,WarriorsGuild\WarriorsGuild.csproj,File,WarriorsGuild\WarriorsGuild.csproj,,,Microsoft.AspNetCore.Diagnostics.EntityFrameworkCore 3.1.32,,,,,"Microsoft.AspNetCore.Diagnostics.EntityFrameworkCore, 3.1.32  Recommendation:  Remove Microsoft.AspNetCore.Diagnostics.EntityFrameworkCore, and replace with new package Microsoft.AspNetCore.Diagnostics.EntityFrameworkCore 10.0.2"
NuGet.0002,NuGet package upgrade is recommended,Active,Potential,1,WarriorsGuild\WarriorsGuild.csproj,File,WarriorsGuild\WarriorsGuild.csproj,,,Microsoft.AspNetCore.Identity.EntityFrameworkCore 3.1.32,,,,,"Microsoft.AspNetCore.Identity.EntityFrameworkCore, 3.1.32  Recommendation:  Remove Microsoft.AspNetCore.Identity.EntityFrameworkCore, and replace with new package Microsoft.AspNetCore.Identity.EntityFrameworkCore 10.0.2"
NuGet.0002,NuGet package upgrade is recommended,Active,Potential,1,WarriorsGuild\WarriorsGuild.csproj,File,WarriorsGuild\WarriorsGuild.csproj,,,Microsoft.AspNetCore.Identity.UI 6.0.16,,,,,"Microsoft.AspNetCore.Identity.UI, 6.0.16  Recommendation:  Remove Microsoft.AspNetCore.Identity.UI, and replace with new package Microsoft.AspNetCore.Identity.UI 10.0.2"
NuGet.0002,NuGet package upgrade is recommended,Active,Potential,1,WarriorsGuild\WarriorsGuild.csproj,File,WarriorsGuild\WarriorsGuild.csproj,,,Microsoft.AspNetCore.Mvc.NewtonsoftJson 6.0.16,,,,,"Microsoft.AspNetCore.Mvc.NewtonsoftJson, 6.0.16  Recommendation:  Remove Microsoft.AspNetCore.Mvc.NewtonsoftJson, and replace with new package Microsoft.AspNetCore.Mvc.NewtonsoftJson 10.0.2"
NuGet.0002,NuGet package upgrade is recommended,Active,Potential,1,WarriorsGuild\WarriorsGuild.csproj,File,WarriorsGuild\WarriorsGuild.csproj,,,Microsoft.AspNetCore.Mvc.Razor.RuntimeCompilation 6.0.16,,,,,"Microsoft.AspNetCore.Mvc.Razor.RuntimeCompilation, 6.0.16  Recommendation:  Remove Microsoft.AspNetCore.Mvc.Razor.RuntimeCompilation, and replace with new package Microsoft.AspNetCore.Mvc.Razor.RuntimeCompilation 10.0.2"
NuGet.0002,NuGet package upgrade is recommended,Active,Potential,1,WarriorsGuild\WarriorsGuild.csproj,File,WarriorsGuild\WarriorsGuild.csproj,,,Microsoft.EntityFrameworkCore.SqlServer 3.1.32,,,,,"Microsoft.EntityFrameworkCore.SqlServer, 3.1.32  Recommendation:  Remove Microsoft.EntityFrameworkCore.SqlServer, and replace with new package Microsoft.EntityFrameworkCore.SqlServer 10.0.2"
NuGet.0002,NuGet package upgrade is recommended,Active,Potential,1,WarriorsGuild\WarriorsGuild.csproj,File,WarriorsGuild\WarriorsGuild.csproj,,,Microsoft.EntityFrameworkCore.Tools 3.1.32,,,,,"Microsoft.EntityFrameworkCore.Tools, 3.1.32  Recommendation:  Remove Microsoft.EntityFrameworkCore.Tools, and replace with new package Microsoft.EntityFrameworkCore.Tools 10.0.2"
NuGet.0002,NuGet package upgrade is recommended,Active,Potential,1,WarriorsGuild\WarriorsGuild.csproj,File,WarriorsGuild\WarriorsGuild.csproj,,,Microsoft.Extensions.Caching.StackExchangeRedis 6.0.15,,,,,"Microsoft.Extensions.Caching.StackExchangeRedis, 6.0.15  Recommendation:  Remove Microsoft.Extensions.Caching.StackExchangeRedis, and replace with new package Microsoft.Extensions.Caching.StackExchangeRedis 10.0.2"
NuGet.0001,NuGet package is incompatible,Active,Mandatory,1,WarriorsGuild\WarriorsGuild.csproj,File,WarriorsGuild\WarriorsGuild.csproj,,,Microsoft.VisualStudio.Azure.Containers.Tools.Targets 1.17.2,,,,,"Microsoft.VisualStudio.Azure.Containers.Tools.Targets, 1.17.2  Recommendation:  No supported version found"
NuGet.0005,NuGet package is deprecated,Active,Optional,1,WarriorsGuild\WarriorsGuild.csproj,File,WarriorsGuild\WarriorsGuild.csproj,,,Microsoft.ApplicationInsights.AspNetCore 2.21.0,,,,,"Microsoft.ApplicationInsights.AspNetCore, 2.21.0  Recommendation:  This version is deprecated. Please use the most recent version. Remove Microsoft.ApplicationInsights.AspNetCore, and replace with new package Microsoft.ApplicationInsights.AspNetCore, 2.23.0"
NuGet.0005,NuGet package is deprecated,Active,Optional,1,WarriorsGuild\WarriorsGuild.csproj,File,WarriorsGuild\WarriorsGuild.csproj,,,Microsoft.Extensions.Azure 1.5.0,,,,,"Microsoft.Extensions.Azure, 1.5.0  Recommendation:  This version takes a dependency on a deprecated version of Azure.Identity. Remove Microsoft.Extensions.Azure, and replace with new package Microsoft.Extensions.Azure, 1.13.1"
NuGet.0004,NuGet package contains security vulnerability,Active,Optional,1,WarriorsGuild\WarriorsGuild.csproj,File,WarriorsGuild\WarriorsGuild.csproj,,,Azure.Identity 1.8.2,,,,,"Azure.Identity, 1.8.2  Recommendation:  Azure.Identity, 1.17.1"
NuGet.0005,NuGet package is deprecated,Active,Optional,1,WarriorsGuild\WarriorsGuild.csproj,File,WarriorsGuild\WarriorsGuild.csproj,,,Azure.Identity 1.8.2,,,,,"Azure.Identity, 1.8.2  Recommendation:  This version has a vulnerability rated as MODERATE severity, which represents an additional attack surface in enterprise authentication systems and could potentially be chained with other vulnerabilities to create more significant security risks. Remove Azure.Identity, and replace with new package Azure.Identity, 1.17.1"
Project.0002,Project's target framework(s) needs to be changed,Active,Mandatory,1,WarriorsGuild\WarriorsGuild.csproj,File,WarriorsGuild\WarriorsGuild.csproj,,,,,,,,Current target framework: net6.0 Recommended target framework: net10.0
Api.0001,Binary incompatible for selected .NET version,Active,Mandatory,1,WarriorsGuild\WarriorsGuild.csproj,File,WarriorsGuild\Areas\Crosses\Controllers\CrossesController.cs,58,12,"M:Microsoft.Extensions.Configuration.ConfigurationBinder.GetValue``1(Microsoft.Extensions.Configuration.IConfiguration,System.String)",,,,,"_fileSizeLimit = config.GetValue<long>( ""FileSizeLimit"" );"
Api.0001,Binary incompatible for selected .NET version,Active,Mandatory,1,WarriorsGuild\WarriorsGuild.csproj,File,WarriorsGuild\Areas\Crosses\Controllers\CrossesController.cs,58,12,"M:Microsoft.Extensions.Configuration.ConfigurationBinder.GetValue``1(Microsoft.Extensions.Configuration.IConfiguration,System.String)",,,,,"_fileSizeLimit = config.GetValue<long>( ""FileSizeLimit"" );"
Api.0001,Binary incompatible for selected .NET version,Active,Mandatory,1,WarriorsGuild\WarriorsGuild.csproj,File,WarriorsGuild\Areas\Rings\Controllers\RingStatusController.cs,63,12,"M:Microsoft.Extensions.Configuration.ConfigurationBinder.GetValue``1(Microsoft.Extensions.Configuration.IConfiguration,System.String)",,,,,"_targetFilePath = config.GetValue<string>( ""StoredFilesPath"" );"
Api.0001,Binary incompatible for selected .NET version,Active,Mandatory,1,WarriorsGuild\WarriorsGuild.csproj,File,WarriorsGuild\Areas\Rings\Controllers\RingStatusController.cs,60,12,"M:Microsoft.Extensions.Configuration.ConfigurationBinder.GetValue``1(Microsoft.Extensions.Configuration.IConfiguration,System.String)",,,,,"_fileSizeLimit = config.GetValue<long>( ""FileSizeLimit"" );"
Api.0001,Binary incompatible for selected .NET version,Active,Mandatory,1,WarriorsGuild\WarriorsGuild.csproj,File,WarriorsGuild\Areas\Rings\Controllers\RingStatusController.cs,63,12,"M:Microsoft.Extensions.Configuration.ConfigurationBinder.GetValue``1(Microsoft.Extensions.Configuration.IConfiguration,System.String)",,,,,"_targetFilePath = config.GetValue<string>( ""StoredFilesPath"" );"
Api.0001,Binary incompatible for selected .NET version,Active,Mandatory,1,WarriorsGuild\WarriorsGuild.csproj,File,WarriorsGuild\Areas\Rings\Controllers\RingStatusController.cs,60,12,"M:Microsoft.Extensions.Configuration.ConfigurationBinder.GetValue``1(Microsoft.Extensions.Configuration.IConfiguration,System.String)",,,,,"_fileSizeLimit = config.GetValue<long>( ""FileSizeLimit"" );"
Api.0001,Binary incompatible for selected .NET version,Active,Mandatory,1,WarriorsGuild\WarriorsGuild.csproj,File,WarriorsGuild\Areas\Rings\Controllers\RingsController.cs,57,12,"M:Microsoft.Extensions.Configuration.ConfigurationBinder.GetValue``1(Microsoft.Extensions.Configuration.IConfiguration,System.String)",,,,,"_fileSizeLimit = config.GetValue<long>( ""FileSizeLimit"" );"
Api.0001,Binary incompatible for selected .NET version,Active,Mandatory,1,WarriorsGuild\WarriorsGuild.csproj,File,WarriorsGuild\Areas\Rings\Controllers\RingsController.cs,57,12,"M:Microsoft.Extensions.Configuration.ConfigurationBinder.GetValue``1(Microsoft.Extensions.Configuration.IConfiguration,System.String)",,,,,"_fileSizeLimit = config.GetValue<long>( ""FileSizeLimit"" );"
Api.0001,Binary incompatible for selected .NET version,Active,Mandatory,1,WarriorsGuild\WarriorsGuild.csproj,File,WarriorsGuild\Areas\Account\ProfileController.cs,43,12,"M:Microsoft.Extensions.Configuration.ConfigurationBinder.GetValue``1(Microsoft.Extensions.Configuration.IConfiguration,System.String)",,,,,"_fileSizeLimit = config.GetValue<long>( ""FileSizeLimit"" );"
Api.0001,Binary incompatible for selected .NET version,Active,Mandatory,1,WarriorsGuild\WarriorsGuild.csproj,File,WarriorsGuild\Areas\Account\ProfileController.cs,43,12,"M:Microsoft.Extensions.Configuration.ConfigurationBinder.GetValue``1(Microsoft.Extensions.Configuration.IConfiguration,System.String)",,,,,"_fileSizeLimit = config.GetValue<long>( ""FileSizeLimit"" );"
Api.0001,Binary incompatible for selected .NET version,Active,Mandatory,1,WarriorsGuild\WarriorsGuild.csproj,File,WarriorsGuild\Areas\Ranks\Controllers\RanksController.cs,45,12,"M:Microsoft.Extensions.Configuration.ConfigurationBinder.GetValue``1(Microsoft.Extensions.Configuration.IConfiguration,System.String)",,,,,"_fileSizeLimit = config.GetValue<long>( ""FileSizeLimit"" );"
Api.0001,Binary incompatible for selected .NET version,Active,Mandatory,1,WarriorsGuild\WarriorsGuild.csproj,File,WarriorsGuild\Areas\Ranks\Controllers\RanksController.cs,45,12,"M:Microsoft.Extensions.Configuration.ConfigurationBinder.GetValue``1(Microsoft.Extensions.Configuration.IConfiguration,System.String)",,,,,"_fileSizeLimit = config.GetValue<long>( ""FileSizeLimit"" );"
Api.0001,Binary incompatible for selected .NET version,Active,Mandatory,1,WarriorsGuild\WarriorsGuild.csproj,File,WarriorsGuild\Areas\Ranks\Controllers\RankStatusController.cs,55,12,"M:Microsoft.Extensions.Configuration.ConfigurationBinder.GetValue``1(Microsoft.Extensions.Configuration.IConfiguration,System.String)",,,,,"_fileSizeLimit = config.GetValue<long>( ""FileSizeLimit"" );"
Api.0001,Binary incompatible for selected .NET version,Active,Mandatory,1,WarriorsGuild\WarriorsGuild.csproj,File,WarriorsGuild\Areas\Ranks\Controllers\RankStatusController.cs,55,12,"M:Microsoft.Extensions.Configuration.ConfigurationBinder.GetValue``1(Microsoft.Extensions.Configuration.IConfiguration,System.String)",,,,,"_fileSizeLimit = config.GetValue<long>( ""FileSizeLimit"" );"
Api.0001,Binary incompatible for selected .NET version,Active,Mandatory,1,WarriorsGuild\WarriorsGuild.csproj,File,WarriorsGuild\Areas\Payments\Controllers\StripeWebhookController.cs,31,12,"M:Microsoft.Extensions.Configuration.ConfigurationBinder.GetValue``1(Microsoft.Extensions.Configuration.IConfiguration,System.String)",,,,,"var signingSecret = _config.GetValue<string>(""Stripe:WebhookKey"");"
Api.0002,Source incompatible for selected .NET version,Active,Potential,1,WarriorsGuild\WarriorsGuild.csproj,File,WarriorsGuild\Program.cs,428,12,P:Microsoft.AspNetCore.Authentication.OpenIdConnect.OpenIdConnectOptions.ClaimActions,,,,,"options.ClaimActions.MapJsonKey( ""role"", ""role"" );"
Api.0002,Source incompatible for selected .NET version,Active,Potential,1,WarriorsGuild\WarriorsGuild.csproj,File,WarriorsGuild\Program.cs,426,12,P:Microsoft.AspNetCore.Authentication.OpenIdConnect.OpenIdConnectOptions.ClaimActions,,,,,"options.ClaimActions.Add( new JsonKeyClaimAction( ""role"", null, ""role"" ) );"
Api.0002,Source incompatible for selected .NET version,Active,Potential,1,WarriorsGuild\WarriorsGuild.csproj,File,WarriorsGuild\Program.cs,421,12,P:Microsoft.AspNetCore.Authentication.OpenIdConnect.OpenIdConnectOptions.TokenValidationParameters,,,,,"options.TokenValidationParameters = new TokenValidationParameters              {                  NameClaimType = ""name"",                  RoleClaimType = ""role""              };"
Api.0002,Source incompatible for selected .NET version,Active,Potential,1,WarriorsGuild\WarriorsGuild.csproj,File,WarriorsGuild\Program.cs,419,12,P:Microsoft.AspNetCore.Authentication.OpenIdConnect.OpenIdConnectOptions.Scope,,,,,"options.Scope.Add( ""offline_access"" );"
Api.0002,Source incompatible for selected .NET version,Active,Potential,1,WarriorsGuild\WarriorsGuild.csproj,File,WarriorsGuild\Program.cs,418,12,P:Microsoft.AspNetCore.Authentication.OpenIdConnect.OpenIdConnectOptions.Scope,,,,,"options.Scope.Add( ""roles"" );"
Api.0002,Source incompatible for selected .NET version,Active,Potential,1,WarriorsGuild\WarriorsGuild.csproj,File,WarriorsGuild\Program.cs,417,12,P:Microsoft.AspNetCore.Authentication.OpenIdConnect.OpenIdConnectOptions.Scope,,,,,"options.Scope.Add( ""profile"" );"
Api.0002,Source incompatible for selected .NET version,Active,Potential,1,WarriorsGuild\WarriorsGuild.csproj,File,WarriorsGuild\Program.cs,416,12,P:Microsoft.AspNetCore.Authentication.OpenIdConnect.OpenIdConnectOptions.ResponseType,,,,,"options.ResponseType = ""code id_token"";"
Api.0002,Source incompatible for selected .NET version,Active,Potential,1,WarriorsGuild\WarriorsGuild.csproj,File,WarriorsGuild\Program.cs,415,12,P:Microsoft.AspNetCore.Authentication.OpenIdConnect.OpenIdConnectOptions.GetClaimsFromUserInfoEndpoint,,,,,options.GetClaimsFromUserInfoEndpoint = true;
Api.0002,Source incompatible for selected .NET version,Active,Potential,1,WarriorsGuild\WarriorsGuild.csproj,File,WarriorsGuild\Program.cs,414,12,P:Microsoft.AspNetCore.Authentication.OpenIdConnect.OpenIdConnectOptions.ClientSecret,,,,,"options.ClientSecret = Configuration[ ""Authentication:IdentityServer:SecretKey"" ];"
Api.0002,Source incompatible for selected .NET version,Active,Potential,1,WarriorsGuild\WarriorsGuild.csproj,File,WarriorsGuild\Program.cs,413,12,P:Microsoft.AspNetCore.Authentication.OpenIdConnect.OpenIdConnectOptions.ClientId,,,,,"options.ClientId = ""warriorsGuildMVC"";"
Api.0002,Source incompatible for selected .NET version,Active,Potential,1,WarriorsGuild\WarriorsGuild.csproj,File,WarriorsGuild\Program.cs,411,12,P:Microsoft.AspNetCore.Authentication.OpenIdConnect.OpenIdConnectOptions.Authority,,,,,options.Authority = host;
Api.0002,Source incompatible for selected .NET version,Active,Potential,1,WarriorsGuild\WarriorsGuild.csproj,File,WarriorsGuild\Program.cs,400,12,P:Microsoft.AspNetCore.Authentication.Facebook.FacebookOptions.AppSecret,,,,,"facebookOptions.AppSecret = Configuration[ ""Authentication:Facebook:AppSecret"" ];"
Api.0002,Source incompatible for selected .NET version,Active,Potential,1,WarriorsGuild\WarriorsGuild.csproj,File,WarriorsGuild\Program.cs,399,12,P:Microsoft.AspNetCore.Authentication.Facebook.FacebookOptions.AppId,,,,,"facebookOptions.AppId = Configuration[ ""Authentication:Facebook:AppId"" ];"
Api.0002,Source incompatible for selected .NET version,Active,Potential,1,WarriorsGuild\WarriorsGuild.csproj,File,WarriorsGuild\Program.cs,371,12,P:Microsoft.AspNetCore.Authentication.JwtBearer.JwtBearerOptions.TokenValidationParameters,,,,,options.TokenValidationParameters = new TokenValidationParameters              {                  ValidateAudience = false              };
Api.0002,Source incompatible for selected .NET version,Active,Potential,1,WarriorsGuild\WarriorsGuild.csproj,File,WarriorsGuild\Program.cs,369,12,P:Microsoft.AspNetCore.Authentication.JwtBearer.JwtBearerOptions.Audience,,,,,options.Audience = IdentityServerConstants.LocalApi.ScopeName;
Api.0002,Source incompatible for selected .NET version,Active,Potential,1,WarriorsGuild\WarriorsGuild.csproj,File,WarriorsGuild\Program.cs,368,12,P:Microsoft.AspNetCore.Authentication.JwtBearer.JwtBearerOptions.Authority,,,,,options.Authority = host;
Api.0002,Source incompatible for selected .NET version,Active,Potential,1,WarriorsGuild\WarriorsGuild.csproj,File,WarriorsGuild\Program.cs,361,8,T:Microsoft.Extensions.DependencyInjection.JwtBearerExtensions,,,,,"services.AddAuthentication( options =>          {              options.DefaultScheme = ""Cookies"";              options.DefaultChallengeScheme = ""oidc"";          } )          .AddJwtBearer( ""Bearer"", options =>          {              options.Authority = host;              options.Audience = IdentityServerConstants.LocalApi.ScopeName;                options.TokenValidationParameters = new TokenValidationParameters              {                  ValidateAudience = false              };          } )          //.AddIdentityServerAuthentication(options =>          //{          //    options.Authority = ""http://localhost:5000"";//IdentityServer URL          //    options.RequireHttpsMetadata = false;       //False for local addresses, true ofcourse for live scenarios          //    options.ApiName = ""ApiName"";          //    options.ApiSecret = ""secret_for_the_api"";          //    //options.EnableCaching;          //    //options.CacheDuration;          //} )          .AddGoogle( options =>          {              options.SignInScheme = IdentityServerConstants.ExternalCookieAuthenticationScheme;                IConfigurationSection googleAuthNSection =                  Configuration.GetSection( ""Authentication:Google"" );                options.ClientId = googleAuthNSection[ ""ClientId"" ];              options.ClientSecret = googleAuthNSection[ ""ClientSecret"" ];              options.Scope.Add( ""email"" );          } )          .AddFacebook( facebookOptions =>          {              facebookOptions.SignInScheme = IdentityServerConstants.ExternalCookieAuthenticationScheme;              facebookOptions.AppId = Configuration[ ""Authentication:Facebook:AppId"" ];              facebookOptions.AppSecret = Configuration[ ""Authentication:Facebook:AppSecret"" ];              //facebookOptions.AccessDeniedPath = ""/AccessDeniedPathInfo"";                //We recommend the AccessDeniedPath page contain the following information:                //Remote authentication was canceled.              //This app requires authentication.              //To try sign -in again, select the Login link.          } )          .AddOpenIdConnect( ""oidc"", options =>          {              options.Authority = host;                options.ClientId = ""warriorsGuildMVC"";              options.ClientSecret = Configuration[ ""Authentication:IdentityServer:SecretKey"" ];              options.GetClaimsFromUserInfoEndpoint = true;              options.ResponseType = ""code id_token"";              options.Scope.Add( ""profile"" );              options.Scope.Add( ""roles"" );              options.Scope.Add( ""offline_access"" );              //options.SignedOutCallbackPath = ""/"";              options.TokenValidationParameters = new TokenValidationParameters              {                  NameClaimType = ""name"",                  RoleClaimType = ""role""              };              options.ClaimActions.Add( new JsonKeyClaimAction( ""role"", null, ""role"" ) );              options.SaveTokens = true;              options.ClaimActions.MapJsonKey( ""role"", ""role"" );          } )          .AddCookie( ""Cookie"" );"
Api.0002,Source incompatible for selected .NET version,Active,Potential,1,WarriorsGuild\WarriorsGuild.csproj,File,WarriorsGuild\Program.cs,361,8,"M:Microsoft.Extensions.DependencyInjection.JwtBearerExtensions.AddJwtBearer(Microsoft.AspNetCore.Authentication.AuthenticationBuilder,System.String,System.Action{Microsoft.AspNetCore.Authentication.JwtBearer.JwtBearerOptions})",,,,,"services.AddAuthentication( options =>          {              options.DefaultScheme = ""Cookies"";              options.DefaultChallengeScheme = ""oidc"";          } )          .AddJwtBearer( ""Bearer"", options =>          {              options.Authority = host;              options.Audience = IdentityServerConstants.LocalApi.ScopeName;                options.TokenValidationParameters = new TokenValidationParameters              {                  ValidateAudience = false              };          } )          //.AddIdentityServerAuthentication(options =>          //{          //    options.Authority = ""http://localhost:5000"";//IdentityServer URL          //    options.RequireHttpsMetadata = false;       //False for local addresses, true ofcourse for live scenarios          //    options.ApiName = ""ApiName"";          //    options.ApiSecret = ""secret_for_the_api"";          //    //options.EnableCaching;          //    //options.CacheDuration;          //} )          .AddGoogle( options =>          {              options.SignInScheme = IdentityServerConstants.ExternalCookieAuthenticationScheme;                IConfigurationSection googleAuthNSection =                  Configuration.GetSection( ""Authentication:Google"" );                options.ClientId = googleAuthNSection[ ""ClientId"" ];              options.ClientSecret = googleAuthNSection[ ""ClientSecret"" ];              options.Scope.Add( ""email"" );          } )          .AddFacebook( facebookOptions =>          {              facebookOptions.SignInScheme = IdentityServerConstants.ExternalCookieAuthenticationScheme;              facebookOptions.AppId = Configuration[ ""Authentication:Facebook:AppId"" ];              facebookOptions.AppSecret = Configuration[ ""Authentication:Facebook:AppSecret"" ];              //facebookOptions.AccessDeniedPath = ""/AccessDeniedPathInfo"";                //We recommend the AccessDeniedPath page contain the following information:                //Remote authentication was canceled.              //This app requires authentication.              //To try sign -in again, select the Login link.          } )          .AddOpenIdConnect( ""oidc"", options =>          {              options.Authority = host;                options.ClientId = ""warriorsGuildMVC"";              options.ClientSecret = Configuration[ ""Authentication:IdentityServer:SecretKey"" ];              options.GetClaimsFromUserInfoEndpoint = true;              options.ResponseType = ""code id_token"";              options.Scope.Add( ""profile"" );              options.Scope.Add( ""roles"" );              options.Scope.Add( ""offline_access"" );              //options.SignedOutCallbackPath = ""/"";              options.TokenValidationParameters = new TokenValidationParameters              {                  NameClaimType = ""name"",                  RoleClaimType = ""role""              };              options.ClaimActions.Add( new JsonKeyClaimAction( ""role"", null, ""role"" ) );              options.SaveTokens = true;              options.ClaimActions.MapJsonKey( ""role"", ""role"" );          } )          .AddCookie( ""Cookie"" );"
Api.0002,Source incompatible for selected .NET version,Active,Potential,1,WarriorsGuild\WarriorsGuild.csproj,File,WarriorsGuild\Program.cs,361,8,T:Microsoft.Extensions.DependencyInjection.GoogleExtensions,,,,,"services.AddAuthentication( options =>          {              options.DefaultScheme = ""Cookies"";              options.DefaultChallengeScheme = ""oidc"";          } )          .AddJwtBearer( ""Bearer"", options =>          {              options.Authority = host;              options.Audience = IdentityServerConstants.LocalApi.ScopeName;                options.TokenValidationParameters = new TokenValidationParameters              {                  ValidateAudience = false              };          } )          //.AddIdentityServerAuthentication(options =>          //{          //    options.Authority = ""http://localhost:5000"";//IdentityServer URL          //    options.RequireHttpsMetadata = false;       //False for local addresses, true ofcourse for live scenarios          //    options.ApiName = ""ApiName"";          //    options.ApiSecret = ""secret_for_the_api"";          //    //options.EnableCaching;          //    //options.CacheDuration;          //} )          .AddGoogle( options =>          {              options.SignInScheme = IdentityServerConstants.ExternalCookieAuthenticationScheme;                IConfigurationSection googleAuthNSection =                  Configuration.GetSection( ""Authentication:Google"" );                options.ClientId = googleAuthNSection[ ""ClientId"" ];              options.ClientSecret = googleAuthNSection[ ""ClientSecret"" ];              options.Scope.Add( ""email"" );          } )          .AddFacebook( facebookOptions =>          {              facebookOptions.SignInScheme = IdentityServerConstants.ExternalCookieAuthenticationScheme;              facebookOptions.AppId = Configuration[ ""Authentication:Facebook:AppId"" ];              facebookOptions.AppSecret = Configuration[ ""Authentication:Facebook:AppSecret"" ];              //facebookOptions.AccessDeniedPath = ""/AccessDeniedPathInfo"";                //We recommend the AccessDeniedPath page contain the following information:                //Remote authentication was canceled.              //This app requires authentication.              //To try sign -in again, select the Login link.          } )          .AddOpenIdConnect( ""oidc"", options =>          {              options.Authority = host;                options.ClientId = ""warriorsGuildMVC"";              options.ClientSecret = Configuration[ ""Authentication:IdentityServer:SecretKey"" ];              options.GetClaimsFromUserInfoEndpoint = true;              options.ResponseType = ""code id_token"";              options.Scope.Add( ""profile"" );              options.Scope.Add( ""roles"" );              options.Scope.Add( ""offline_access"" );              //options.SignedOutCallbackPath = ""/"";              options.TokenValidationParameters = new TokenValidationParameters              {                  NameClaimType = ""name"",                  RoleClaimType = ""role""              };              options.ClaimActions.Add( new JsonKeyClaimAction( ""role"", null, ""role"" ) );              options.SaveTokens = true;              options.ClaimActions.MapJsonKey( ""role"", ""role"" );          } )          .AddCookie( ""Cookie"" );"
Api.0002,Source incompatible for selected .NET version,Active,Potential,1,WarriorsGuild\WarriorsGuild.csproj,File,WarriorsGuild\Program.cs,361,8,"M:Microsoft.Extensions.DependencyInjection.GoogleExtensions.AddGoogle(Microsoft.AspNetCore.Authentication.AuthenticationBuilder,System.Action{Microsoft.AspNetCore.Authentication.Google.GoogleOptions})",,,,,"services.AddAuthentication( options =>          {              options.DefaultScheme = ""Cookies"";              options.DefaultChallengeScheme = ""oidc"";          } )          .AddJwtBearer( ""Bearer"", options =>          {              options.Authority = host;              options.Audience = IdentityServerConstants.LocalApi.ScopeName;                options.TokenValidationParameters = new TokenValidationParameters              {                  ValidateAudience = false              };          } )          //.AddIdentityServerAuthentication(options =>          //{          //    options.Authority = ""http://localhost:5000"";//IdentityServer URL          //    options.RequireHttpsMetadata = false;       //False for local addresses, true ofcourse for live scenarios          //    options.ApiName = ""ApiName"";          //    options.ApiSecret = ""secret_for_the_api"";          //    //options.EnableCaching;          //    //options.CacheDuration;          //} )          .AddGoogle( options =>          {              options.SignInScheme = IdentityServerConstants.ExternalCookieAuthenticationScheme;                IConfigurationSection googleAuthNSection =                  Configuration.GetSection( ""Authentication:Google"" );                options.ClientId = googleAuthNSection[ ""ClientId"" ];              options.ClientSecret = googleAuthNSection[ ""ClientSecret"" ];              options.Scope.Add( ""email"" );          } )          .AddFacebook( facebookOptions =>          {              facebookOptions.SignInScheme = IdentityServerConstants.ExternalCookieAuthenticationScheme;              facebookOptions.AppId = Configuration[ ""Authentication:Facebook:AppId"" ];              facebookOptions.AppSecret = Configuration[ ""Authentication:Facebook:AppSecret"" ];              //facebookOptions.AccessDeniedPath = ""/AccessDeniedPathInfo"";                //We recommend the AccessDeniedPath page contain the following information:                //Remote authentication was canceled.              //This app requires authentication.              //To try sign -in again, select the Login link.          } )          .AddOpenIdConnect( ""oidc"", options =>          {              options.Authority = host;                options.ClientId = ""warriorsGuildMVC"";              options.ClientSecret = Configuration[ ""Authentication:IdentityServer:SecretKey"" ];              options.GetClaimsFromUserInfoEndpoint = true;              options.ResponseType = ""code id_token"";              options.Scope.Add( ""profile"" );              options.Scope.Add( ""roles"" );              options.Scope.Add( ""offline_access"" );              //options.SignedOutCallbackPath = ""/"";              options.TokenValidationParameters = new TokenValidationParameters              {                  NameClaimType = ""name"",                  RoleClaimType = ""role""              };              options.ClaimActions.Add( new JsonKeyClaimAction( ""role"", null, ""role"" ) );              options.SaveTokens = true;              options.ClaimActions.MapJsonKey( ""role"", ""role"" );          } )          .AddCookie( ""Cookie"" );"
Api.0002,Source incompatible for selected .NET version,Active,Potential,1,WarriorsGuild\WarriorsGuild.csproj,File,WarriorsGuild\Program.cs,361,8,T:Microsoft.Extensions.DependencyInjection.FacebookAuthenticationOptionsExtensions,,,,,"services.AddAuthentication( options =>          {              options.DefaultScheme = ""Cookies"";              options.DefaultChallengeScheme = ""oidc"";          } )          .AddJwtBearer( ""Bearer"", options =>          {              options.Authority = host;              options.Audience = IdentityServerConstants.LocalApi.ScopeName;                options.TokenValidationParameters = new TokenValidationParameters              {                  ValidateAudience = false              };          } )          //.AddIdentityServerAuthentication(options =>          //{          //    options.Authority = ""http://localhost:5000"";//IdentityServer URL          //    options.RequireHttpsMetadata = false;       //False for local addresses, true ofcourse for live scenarios          //    options.ApiName = ""ApiName"";          //    options.ApiSecret = ""secret_for_the_api"";          //    //options.EnableCaching;          //    //options.CacheDuration;          //} )          .AddGoogle( options =>          {              options.SignInScheme = IdentityServerConstants.ExternalCookieAuthenticationScheme;                IConfigurationSection googleAuthNSection =                  Configuration.GetSection( ""Authentication:Google"" );                options.ClientId = googleAuthNSection[ ""ClientId"" ];              options.ClientSecret = googleAuthNSection[ ""ClientSecret"" ];              options.Scope.Add( ""email"" );          } )          .AddFacebook( facebookOptions =>          {              facebookOptions.SignInScheme = IdentityServerConstants.ExternalCookieAuthenticationScheme;              facebookOptions.AppId = Configuration[ ""Authentication:Facebook:AppId"" ];              facebookOptions.AppSecret = Configuration[ ""Authentication:Facebook:AppSecret"" ];              //facebookOptions.AccessDeniedPath = ""/AccessDeniedPathInfo"";                //We recommend the AccessDeniedPath page contain the following information:                //Remote authentication was canceled.              //This app requires authentication.              //To try sign -in again, select the Login link.          } )          .AddOpenIdConnect( ""oidc"", options =>          {              options.Authority = host;                options.ClientId = ""warriorsGuildMVC"";              options.ClientSecret = Configuration[ ""Authentication:IdentityServer:SecretKey"" ];              options.GetClaimsFromUserInfoEndpoint = true;              options.ResponseType = ""code id_token"";              options.Scope.Add( ""profile"" );              options.Scope.Add( ""roles"" );              options.Scope.Add( ""offline_access"" );              //options.SignedOutCallbackPath = ""/"";              options.TokenValidationParameters = new TokenValidationParameters              {                  NameClaimType = ""name"",                  RoleClaimType = ""role""              };              options.ClaimActions.Add( new JsonKeyClaimAction( ""role"", null, ""role"" ) );              options.SaveTokens = true;              options.ClaimActions.MapJsonKey( ""role"", ""role"" );          } )          .AddCookie( ""Cookie"" );"
Api.0002,Source incompatible for selected .NET version,Active,Potential,1,WarriorsGuild\WarriorsGuild.csproj,File,WarriorsGuild\Program.cs,361,8,"M:Microsoft.Extensions.DependencyInjection.FacebookAuthenticationOptionsExtensions.AddFacebook(Microsoft.AspNetCore.Authentication.AuthenticationBuilder,System.Action{Microsoft.AspNetCore.Authentication.Facebook.FacebookOptions})",,,,,"services.AddAuthentication( options =>          {              options.DefaultScheme = ""Cookies"";              options.DefaultChallengeScheme = ""oidc"";          } )          .AddJwtBearer( ""Bearer"", options =>          {              options.Authority = host;              options.Audience = IdentityServerConstants.LocalApi.ScopeName;                options.TokenValidationParameters = new TokenValidationParameters              {                  ValidateAudience = false              };          } )          //.AddIdentityServerAuthentication(options =>          //{          //    options.Authority = ""http://localhost:5000"";//IdentityServer URL          //    options.RequireHttpsMetadata = false;       //False for local addresses, true ofcourse for live scenarios          //    options.ApiName = ""ApiName"";          //    options.ApiSecret = ""secret_for_the_api"";          //    //options.EnableCaching;          //    //options.CacheDuration;          //} )          .AddGoogle( options =>          {              options.SignInScheme = IdentityServerConstants.ExternalCookieAuthenticationScheme;                IConfigurationSection googleAuthNSection =                  Configuration.GetSection( ""Authentication:Google"" );                options.ClientId = googleAuthNSection[ ""ClientId"" ];              options.ClientSecret = googleAuthNSection[ ""ClientSecret"" ];              options.Scope.Add( ""email"" );          } )          .AddFacebook( facebookOptions =>          {              facebookOptions.SignInScheme = IdentityServerConstants.ExternalCookieAuthenticationScheme;              facebookOptions.AppId = Configuration[ ""Authentication:Facebook:AppId"" ];              facebookOptions.AppSecret = Configuration[ ""Authentication:Facebook:AppSecret"" ];              //facebookOptions.AccessDeniedPath = ""/AccessDeniedPathInfo"";                //We recommend the AccessDeniedPath page contain the following information:                //Remote authentication was canceled.              //This app requires authentication.              //To try sign -in again, select the Login link.          } )          .AddOpenIdConnect( ""oidc"", options =>          {              options.Authority = host;                options.ClientId = ""warriorsGuildMVC"";              options.ClientSecret = Configuration[ ""Authentication:IdentityServer:SecretKey"" ];              options.GetClaimsFromUserInfoEndpoint = true;              options.ResponseType = ""code id_token"";              options.Scope.Add( ""profile"" );              options.Scope.Add( ""roles"" );              options.Scope.Add( ""offline_access"" );              //options.SignedOutCallbackPath = ""/"";              options.TokenValidationParameters = new TokenValidationParameters              {                  NameClaimType = ""name"",                  RoleClaimType = ""role""              };              options.ClaimActions.Add( new JsonKeyClaimAction( ""role"", null, ""role"" ) );              options.SaveTokens = true;              options.ClaimActions.MapJsonKey( ""role"", ""role"" );          } )          .AddCookie( ""Cookie"" );"
Api.0002,Source incompatible for selected .NET version,Active,Potential,1,WarriorsGuild\WarriorsGuild.csproj,File,WarriorsGuild\Program.cs,361,8,T:Microsoft.Extensions.DependencyInjection.OpenIdConnectExtensions,,,,,"services.AddAuthentication( options =>          {              options.DefaultScheme = ""Cookies"";              options.DefaultChallengeScheme = ""oidc"";          } )          .AddJwtBearer( ""Bearer"", options =>          {              options.Authority = host;              options.Audience = IdentityServerConstants.LocalApi.ScopeName;                options.TokenValidationParameters = new TokenValidationParameters              {                  ValidateAudience = false              };          } )          //.AddIdentityServerAuthentication(options =>          //{          //    options.Authority = ""http://localhost:5000"";//IdentityServer URL          //    options.RequireHttpsMetadata = false;       //False for local addresses, true ofcourse for live scenarios          //    options.ApiName = ""ApiName"";          //    options.ApiSecret = ""secret_for_the_api"";          //    //options.EnableCaching;          //    //options.CacheDuration;          //} )          .AddGoogle( options =>          {              options.SignInScheme = IdentityServerConstants.ExternalCookieAuthenticationScheme;                IConfigurationSection googleAuthNSection =                  Configuration.GetSection( ""Authentication:Google"" );                options.ClientId = googleAuthNSection[ ""ClientId"" ];              options.ClientSecret = googleAuthNSection[ ""ClientSecret"" ];              options.Scope.Add( ""email"" );          } )          .AddFacebook( facebookOptions =>          {              facebookOptions.SignInScheme = IdentityServerConstants.ExternalCookieAuthenticationScheme;              facebookOptions.AppId = Configuration[ ""Authentication:Facebook:AppId"" ];              facebookOptions.AppSecret = Configuration[ ""Authentication:Facebook:AppSecret"" ];              //facebookOptions.AccessDeniedPath = ""/AccessDeniedPathInfo"";                //We recommend the AccessDeniedPath page contain the following information:                //Remote authentication was canceled.              //This app requires authentication.              //To try sign -in again, select the Login link.          } )          .AddOpenIdConnect( ""oidc"", options =>          {              options.Authority = host;                options.ClientId = ""warriorsGuildMVC"";              options.ClientSecret = Configuration[ ""Authentication:IdentityServer:SecretKey"" ];              options.GetClaimsFromUserInfoEndpoint = true;              options.ResponseType = ""code id_token"";              options.Scope.Add( ""profile"" );              options.Scope.Add( ""roles"" );              options.Scope.Add( ""offline_access"" );              //options.SignedOutCallbackPath = ""/"";              options.TokenValidationParameters = new TokenValidationParameters              {                  NameClaimType = ""name"",                  RoleClaimType = ""role""              };              options.ClaimActions.Add( new JsonKeyClaimAction( ""role"", null, ""role"" ) );              options.SaveTokens = true;              options.ClaimActions.MapJsonKey( ""role"", ""role"" );          } )          .AddCookie( ""Cookie"" );"
Api.0002,Source incompatible for selected .NET version,Active,Potential,1,WarriorsGuild\WarriorsGuild.csproj,File,WarriorsGuild\Program.cs,361,8,"M:Microsoft.Extensions.DependencyInjection.OpenIdConnectExtensions.AddOpenIdConnect(Microsoft.AspNetCore.Authentication.AuthenticationBuilder,System.String,System.Action{Microsoft.AspNetCore.Authentication.OpenIdConnect.OpenIdConnectOptions})",,,,,"services.AddAuthentication( options =>          {              options.DefaultScheme = ""Cookies"";              options.DefaultChallengeScheme = ""oidc"";          } )          .AddJwtBearer( ""Bearer"", options =>          {              options.Authority = host;              options.Audience = IdentityServerConstants.LocalApi.ScopeName;                options.TokenValidationParameters = new TokenValidationParameters              {                  ValidateAudience = false              };          } )          //.AddIdentityServerAuthentication(options =>          //{          //    options.Authority = ""http://localhost:5000"";//IdentityServer URL          //    options.RequireHttpsMetadata = false;       //False for local addresses, true ofcourse for live scenarios          //    options.ApiName = ""ApiName"";          //    options.ApiSecret = ""secret_for_the_api"";          //    //options.EnableCaching;          //    //options.CacheDuration;          //} )          .AddGoogle( options =>          {              options.SignInScheme = IdentityServerConstants.ExternalCookieAuthenticationScheme;                IConfigurationSection googleAuthNSection =                  Configuration.GetSection( ""Authentication:Google"" );                options.ClientId = googleAuthNSection[ ""ClientId"" ];              options.ClientSecret = googleAuthNSection[ ""ClientSecret"" ];              options.Scope.Add( ""email"" );          } )          .AddFacebook( facebookOptions =>          {              facebookOptions.SignInScheme = IdentityServerConstants.ExternalCookieAuthenticationScheme;              facebookOptions.AppId = Configuration[ ""Authentication:Facebook:AppId"" ];              facebookOptions.AppSecret = Configuration[ ""Authentication:Facebook:AppSecret"" ];              //facebookOptions.AccessDeniedPath = ""/AccessDeniedPathInfo"";                //We recommend the AccessDeniedPath page contain the following information:                //Remote authentication was canceled.              //This app requires authentication.              //To try sign -in again, select the Login link.          } )          .AddOpenIdConnect( ""oidc"", options =>          {              options.Authority = host;                options.ClientId = ""warriorsGuildMVC"";              options.ClientSecret = Configuration[ ""Authentication:IdentityServer:SecretKey"" ];              options.GetClaimsFromUserInfoEndpoint = true;              options.ResponseType = ""code id_token"";              options.Scope.Add( ""profile"" );              options.Scope.Add( ""roles"" );              options.Scope.Add( ""offline_access"" );              //options.SignedOutCallbackPath = ""/"";              options.TokenValidationParameters = new TokenValidationParameters              {                  NameClaimType = ""name"",                  RoleClaimType = ""role""              };              options.ClaimActions.Add( new JsonKeyClaimAction( ""role"", null, ""role"" ) );              options.SaveTokens = true;              options.ClaimActions.MapJsonKey( ""role"", ""role"" );          } )          .AddCookie( ""Cookie"" );"
Api.0001,Binary incompatible for selected .NET version,Active,Mandatory,1,WarriorsGuild\WarriorsGuild.csproj,File,WarriorsGuild\Program.cs,359,8,T:System.IdentityModel.Tokens.Jwt.JwtSecurityTokenHandler,,,,,JwtSecurityTokenHandler.DefaultInboundClaimTypeMap.Clear();
Api.0001,Binary incompatible for selected .NET version,Active,Mandatory,1,WarriorsGuild\WarriorsGuild.csproj,File,WarriorsGuild\Program.cs,359,8,F:System.IdentityModel.Tokens.Jwt.JwtSecurityTokenHandler.DefaultInboundClaimTypeMap,,,,,JwtSecurityTokenHandler.DefaultInboundClaimTypeMap.Clear();
Api.0002,Source incompatible for selected .NET version,Active,Potential,1,WarriorsGuild\WarriorsGuild.csproj,File,WarriorsGuild\Program.cs,343,8,T:Microsoft.AspNetCore.Identity.IdentityBuilderUIExtensions,,,,,"services.AddIdentity<ApplicationUser, IdentityRole>( opt =>          {              opt.Password.RequiredLength = 6;              opt.Password.RequireNonAlphanumeric = true;              opt.Password.RequireDigit = true;              opt.Password.RequireLowercase = true;              opt.Password.RequireUppercase = true;              //opt.User.RequireUniqueEmail = true;              opt.SignIn.RequireConfirmedEmail = true;                opt.Tokens.EmailConfirmationTokenProvider = ""emailconfirmation"";          } )          .AddDefaultUI()          .AddEntityFrameworkStores<ApplicationDbContext>()          .AddDefaultTokenProviders()          .AddTokenProvider<EmailConfirmationTokenProvider<ApplicationUser>>( ""emailconfirmation"" );"
Api.0002,Source incompatible for selected .NET version,Active,Potential,1,WarriorsGuild\WarriorsGuild.csproj,File,WarriorsGuild\Program.cs,343,8,M:Microsoft.AspNetCore.Identity.IdentityBuilderUIExtensions.AddDefaultUI(Microsoft.AspNetCore.Identity.IdentityBuilder),,,,,"services.AddIdentity<ApplicationUser, IdentityRole>( opt =>          {              opt.Password.RequiredLength = 6;              opt.Password.RequireNonAlphanumeric = true;              opt.Password.RequireDigit = true;              opt.Password.RequireLowercase = true;              opt.Password.RequireUppercase = true;              //opt.User.RequireUniqueEmail = true;              opt.SignIn.RequireConfirmedEmail = true;                opt.Tokens.EmailConfirmationTokenProvider = ""emailconfirmation"";          } )          .AddDefaultUI()          .AddEntityFrameworkStores<ApplicationDbContext>()          .AddDefaultTokenProviders()          .AddTokenProvider<EmailConfirmationTokenProvider<ApplicationUser>>( ""emailconfirmation"" );"
Api.0002,Source incompatible for selected .NET version,Active,Potential,1,WarriorsGuild\WarriorsGuild.csproj,File,WarriorsGuild\Program.cs,343,8,T:Microsoft.Extensions.DependencyInjection.IdentityEntityFrameworkBuilderExtensions,,,,,"services.AddIdentity<ApplicationUser, IdentityRole>( opt =>          {              opt.Password.RequiredLength = 6;              opt.Password.RequireNonAlphanumeric = true;              opt.Password.RequireDigit = true;              opt.Password.RequireLowercase = true;              opt.Password.RequireUppercase = true;              //opt.User.RequireUniqueEmail = true;              opt.SignIn.RequireConfirmedEmail = true;                opt.Tokens.EmailConfirmationTokenProvider = ""emailconfirmation"";          } )          .AddDefaultUI()          .AddEntityFrameworkStores<ApplicationDbContext>()          .AddDefaultTokenProviders()          .AddTokenProvider<EmailConfirmationTokenProvider<ApplicationUser>>( ""emailconfirmation"" );"
Api.0002,Source incompatible for selected .NET version,Active,Potential,1,WarriorsGuild\WarriorsGuild.csproj,File,WarriorsGuild\Program.cs,343,8,M:Microsoft.Extensions.DependencyInjection.IdentityEntityFrameworkBuilderExtensions.AddEntityFrameworkStores``1(Microsoft.AspNetCore.Identity.IdentityBuilder),,,,,"services.AddIdentity<ApplicationUser, IdentityRole>( opt =>          {              opt.Password.RequiredLength = 6;              opt.Password.RequireNonAlphanumeric = true;              opt.Password.RequireDigit = true;              opt.Password.RequireLowercase = true;              opt.Password.RequireUppercase = true;              //opt.User.RequireUniqueEmail = true;              opt.SignIn.RequireConfirmedEmail = true;                opt.Tokens.EmailConfirmationTokenProvider = ""emailconfirmation"";          } )          .AddDefaultUI()          .AddEntityFrameworkStores<ApplicationDbContext>()          .AddDefaultTokenProviders()          .AddTokenProvider<EmailConfirmationTokenProvider<ApplicationUser>>( ""emailconfirmation"" );"
Api.0003,Behavioral change in selected .NET version,Active,Potential,1,WarriorsGuild\WarriorsGuild.csproj,File,WarriorsGuild\Program.cs,224,8,"M:Microsoft.AspNetCore.Builder.ExceptionHandlerExtensions.UseExceptionHandler(Microsoft.AspNetCore.Builder.IApplicationBuilder,System.String)",,,,,"app.UseExceptionHandler( ""/Home/Error"" );"
Api.0002,Source incompatible for selected .NET version,Active,Potential,1,WarriorsGuild\WarriorsGuild.csproj,File,WarriorsGuild\Program.cs,165,4,M:Microsoft.Extensions.DependencyInjection.RazorRuntimeCompilationMvcBuilderExtensions.AddRazorRuntimeCompilation(Microsoft.Extensions.DependencyInjection.IMvcBuilder),,,,,services.AddControllersWithViews( options =>      {          options.Filters.Add<HttpResponseExceptionFilter>();          options.Filters.Add<AutoValidateAntiforgeryTokenAttribute>();      } )      .AddRazorRuntimeCompilation()      .AddMvcOptions( options =>      {          options.Filters.Add<SubscriptionFinderFilter>();          options.Filters.Add<WarriorsActionFilter>();          options.Filters.Add<HttpResponseExceptionFilter>();          options.Filters.Add( new AutoValidateAntiforgeryTokenAttribute() );          // options.EnableEndpointRouting = false;      } )      .AddNewtonsoftJson( options =>      {          options.SerializerSettings.ReferenceLoopHandling = Newtonsoft.Json.ReferenceLoopHandling.Ignore;          options.SerializerSettings.Converters.Add( new Newtonsoft.Json.Converters.StringEnumConverter() );      } )      .ConfigureApiBehaviorOptions( options =>      {          options.InvalidModelStateResponseFactory = context =>          {              var result = new BadRequestObjectResult( context.ModelState );                result.ContentTypes.Add( MediaTypeNames.Application.Json );              result.ContentTypes.Add( MediaTypeNames.Application.Xml );                return result;          };      } )      .AddJsonOptions( options =>      {          options.JsonSerializerOptions.DictionaryKeyPolicy = null;          options.JsonSerializerOptions.PropertyNamingPolicy = JsonNamingPolicy.CamelCase;          options.JsonSerializerOptions.Converters.Add( new System.Text.Json.Serialization.JsonStringEnumConverter() );      } );
Api.0002,Source incompatible for selected .NET version,Active,Potential,1,WarriorsGuild\WarriorsGuild.csproj,File,WarriorsGuild\Program.cs,104,8,M:System.TimeSpan.FromMinutes(System.Double),,,,,options.IdleTimeout = TimeSpan.FromMinutes( 1 );
Api.0002,Source incompatible for selected .NET version,Active,Potential,1,WarriorsGuild\WarriorsGuild.csproj,File,WarriorsGuild\Program.cs,93,4,M:System.TimeSpan.FromHours(System.Double),,,,,services.Configure<DataProtectionTokenProviderOptions>( opt => opt.TokenLifespan = TimeSpan.FromHours( 2 ) );
Api.0002,Source incompatible for selected .NET version,Active,Potential,1,WarriorsGuild\WarriorsGuild.csproj,File,WarriorsGuild\Program.cs,91,4,M:System.TimeSpan.FromDays(System.Double),,,,,services.Configure<EmailConfirmationTokenProviderOptions>( opt => opt.TokenLifespan = TimeSpan.FromDays( 3 ) );
Api.0001,Binary incompatible for selected .NET version,Active,Mandatory,1,WarriorsGuild\WarriorsGuild.csproj,File,WarriorsGuild\Program.cs,86,4,M:Microsoft.Extensions.Configuration.ConfigurationBinder.Get``1(Microsoft.Extensions.Configuration.IConfiguration),,,,,"var emailConfig = builder.Configuration          .GetSection( ""EmailConfiguration"" )          .Get<EmailConfiguration>();"
Api.0002,Source incompatible for selected .NET version,Active,Potential,1,WarriorsGuild\WarriorsGuild.csproj,File,WarriorsGuild\Program.cs,45,12,T:Microsoft.Extensions.Configuration.AzureKeyVaultConfigurationExtensions,,,,,"config.AddAzureKeyVault( secretClient, new KeyVaultSecretManager() );"
Api.0003,Behavioral change in selected .NET version,Active,Potential,1,WarriorsGuild\WarriorsGuild.csproj,File,WarriorsGuild\Program.cs,43,12,T:System.Uri,,,,,"var secretClient = new SecretClient( new Uri( $""https://{builtConfig[ ""KeyVaultName"" ]}.vault.azure.net/"" ),                                                          new DefaultAzureCredential() );"
Api.0003,Behavioral change in selected .NET version,Active,Potential,1,WarriorsGuild\WarriorsGuild.csproj,File,WarriorsGuild\Program.cs,43,12,M:System.Uri.#ctor(System.String),,,,,"var secretClient = new SecretClient( new Uri( $""https://{builtConfig[ ""KeyVaultName"" ]}.vault.azure.net/"" ),                                                          new DefaultAzureCredential() );"
Api.0003,Behavioral change in selected .NET version,Active,Potential,1,WarriorsGuild\WarriorsGuild.csproj,File,WarriorsGuild\AzureClientFactoryBuilderExtensions.cs,21,8,T:System.Uri,,,,,"if (preferMsi && Uri.TryCreate(serviceUriOrConnectionString, UriKind.Absolute, out Uri? serviceUri))          {              return builder.AddQueueServiceClient(serviceUri);          }          else          {              return builder.AddQueueServiceClient(serviceUriOrConnectionString);          }"
Api.0003,Behavioral change in selected .NET version,Active,Potential,1,WarriorsGuild\WarriorsGuild.csproj,File,WarriorsGuild\AzureClientFactoryBuilderExtensions.cs,21,8,"M:System.Uri.TryCreate(System.String,System.UriKind,System.Uri@)",,,,,"if (preferMsi && Uri.TryCreate(serviceUriOrConnectionString, UriKind.Absolute, out Uri? serviceUri))          {              return builder.AddQueueServiceClient(serviceUri);          }          else          {              return builder.AddQueueServiceClient(serviceUriOrConnectionString);          }"
Api.0003,Behavioral change in selected .NET version,Active,Potential,1,WarriorsGuild\WarriorsGuild.csproj,File,WarriorsGuild\AzureClientFactoryBuilderExtensions.cs,9,8,T:System.Uri,,,,,"if (preferMsi && Uri.TryCreate(serviceUriOrConnectionString, UriKind.Absolute, out Uri? serviceUri))          {              return builder.AddBlobServiceClient(serviceUri);          }          else          {              return builder.AddBlobServiceClient(serviceUriOrConnectionString);          }"
Api.0003,Behavioral change in selected .NET version,Active,Potential,1,WarriorsGuild\WarriorsGuild.csproj,File,WarriorsGuild\AzureClientFactoryBuilderExtensions.cs,9,8,"M:System.Uri.TryCreate(System.String,System.UriKind,System.Uri@)",,,,,"if (preferMsi && Uri.TryCreate(serviceUriOrConnectionString, UriKind.Absolute, out Uri? serviceUri))          {              return builder.AddBlobServiceClient(serviceUri);          }          else          {              return builder.AddBlobServiceClient(serviceUriOrConnectionString);          }"
NuGet.0002,NuGet package upgrade is recommended,Active,Potential,1,WarriorsGuild.Data\WarriorsGuild.Data.csproj,File,WarriorsGuild.Data\WarriorsGuild.Data.csproj,,,Microsoft.AspNetCore.DataProtection.EntityFrameworkCore 3.1.32,,,,,"Microsoft.AspNetCore.DataProtection.EntityFrameworkCore, 3.1.32  Recommendation:  Remove Microsoft.AspNetCore.DataProtection.EntityFrameworkCore, and replace with new package Microsoft.AspNetCore.DataProtection.EntityFrameworkCore 10.0.2"
NuGet.0002,NuGet package upgrade is recommended,Active,Potential,1,WarriorsGuild.Data\WarriorsGuild.Data.csproj,File,WarriorsGuild.Data\WarriorsGuild.Data.csproj,,,Microsoft.AspNetCore.Identity.EntityFrameworkCore 3.1.32,,,,,"Microsoft.AspNetCore.Identity.EntityFrameworkCore, 3.1.32  Recommendation:  Remove Microsoft.AspNetCore.Identity.EntityFrameworkCore, and replace with new package Microsoft.AspNetCore.Identity.EntityFrameworkCore 10.0.2"
NuGet.0002,NuGet package upgrade is recommended,Active,Potential,1,WarriorsGuild.Data\WarriorsGuild.Data.csproj,File,WarriorsGuild.Data\WarriorsGuild.Data.csproj,,,Microsoft.EntityFrameworkCore.Design 3.1.32,,,,,"Microsoft.EntityFrameworkCore.Design, 3.1.32  Recommendation:  Remove Microsoft.EntityFrameworkCore.Design, and replace with new package Microsoft.EntityFrameworkCore.Design 10.0.2"
NuGet.0002,NuGet package upgrade is recommended,Active,Potential,1,WarriorsGuild.Data\WarriorsGuild.Data.csproj,File,WarriorsGuild.Data\WarriorsGuild.Data.csproj,,,Microsoft.EntityFrameworkCore.SqlServer 3.1.32,,,,,"Microsoft.EntityFrameworkCore.SqlServer, 3.1.32  Recommendation:  Remove Microsoft.EntityFrameworkCore.SqlServer, and replace with new package Microsoft.EntityFrameworkCore.SqlServer 10.0.2"
Project.0002,Project's target framework(s) needs to be changed,Active,Mandatory,1,WarriorsGuild.Data\WarriorsGuild.Data.csproj,File,WarriorsGuild.Data\WarriorsGuild.Data.csproj,,,,,,,,Current target framework: net6.0 Recommended target framework: net10.0
Project.0002,Project's target framework(s) needs to be changed,Active,Mandatory,1,WarriorsGuild.Email\WarriorsGuild.Email.csproj,File,WarriorsGuild.Email\WarriorsGuild.Email.csproj,,,,,,,,Current target framework: net6.0 Recommended target framework: net10.0
NuGet.0002,NuGet package upgrade is recommended,Active,Potential,1,WarriorsGuild.FileUpload\WarriorsGuild.FileUpload.csproj,File,WarriorsGuild.FileUpload\WarriorsGuild.FileUpload.csproj,,,Microsoft.Extensions.Logging.Abstractions 3.1.23,,,,,"Microsoft.Extensions.Logging.Abstractions, 3.1.23  Recommendation:  Remove Microsoft.Extensions.Logging.Abstractions, and replace with new package Microsoft.Extensions.Logging.Abstractions 10.0.2"
Project.0002,Project's target framework(s) needs to be changed,Active,Mandatory,1,WarriorsGuild.FileUpload\WarriorsGuild.FileUpload.csproj,File,WarriorsGuild.FileUpload\WarriorsGuild.FileUpload.csproj,,,,,,,,Current target framework: net6.0 Recommended target framework: net10.0
Api.0002,Source incompatible for selected .NET version,Active,Potential,1,WarriorsGuild.FileUpload\WarriorsGuild.FileUpload.csproj,File,WarriorsGuild.FileUpload\MultipartFormReader.cs,238,12,P:System.Text.Encoding.UTF7,,,,,if ( !hasMediaTypeHeader || Encoding.UTF7.Equals( mediaType.Encoding ) )              {                  return Encoding.UTF8;              }
Project.0002,Project's target framework(s) needs to be changed,Active,Mandatory,1,WarriorsGuild.Ranks\WarriorsGuild.Ranks.csproj,File,WarriorsGuild.Ranks\WarriorsGuild.Ranks.csproj,,,,,,,,Current target framework: net6.0 Recommended target framework: net10.0
Project.0002,Project's target framework(s) needs to be changed,Active,Mandatory,1,WarriorsGuild.Rings\WarriorsGuild.Rings.csproj,File,WarriorsGuild.Rings\WarriorsGuild.Rings.csproj,,,,,,,,Current target framework: net6.0 Recommended target framework: net10.0
NuGet.0002,NuGet package upgrade is recommended,Active,Potential,1,WarriorsGuild.Storage\WarriorsGuild.Storage.csproj,File,WarriorsGuild.Storage\WarriorsGuild.Storage.csproj,,,Microsoft.Extensions.Configuration.Abstractions 3.1.23,,,,,"Microsoft.Extensions.Configuration.Abstractions, 3.1.23  Recommendation:  Remove Microsoft.Extensions.Configuration.Abstractions, and replace with new package Microsoft.Extensions.Configuration.Abstractions 10.0.2"
Project.0002,Project's target framework(s) needs to be changed,Active,Mandatory,1,WarriorsGuild.Storage\WarriorsGuild.Storage.csproj,File,WarriorsGuild.Storage\WarriorsGuild.Storage.csproj,,,,,,,,Current target framework: net6.0 Recommended target framework: net10.0
Project.0002,Project's target framework(s) needs to be changed,Active,Mandatory,1,WarriorsGuild.Tests\WarriorsGuild.Tests.csproj,File,WarriorsGuild.Tests\WarriorsGuild.Tests.csproj,,,,,,,,Current target framework: net6.0 Recommended target framework: net10.0
Api.0001,Binary incompatible for selected .NET version,Active,Mandatory,1,WarriorsGuild.Tests\WarriorsGuild.Tests.csproj,File,WarriorsGuild.Tests\Areas\Rings\Controllers\RingStatusControllerTests.cs,329,12,"M:Microsoft.Extensions.Configuration.ConfigurationBinder.GetValue``1(Microsoft.Extensions.Configuration.IConfiguration,System.String)",,,,,"mockMultipartReader.Setup( x => x.Read( _request.Object, unitUnderTest.ModelState, It.Is<string[]>( i => i.SequenceEqual( new string[] { "".png"", "".jpg"", "".gif"", "".pdf"" } ) ), mockConfiguration.GetValue<long>( ""FileSizeLimit"" ), It.IsAny<Func<MultipartParsedRequest, Task>>() )).Returns(Task.CompletedTask)                  .Callback( ( HttpRequest req, ModelStateDictionary modelState, string[] allowedExtensions, long fileSizeLimit, Func<MultipartParsedRequest, Task>  func) => {                      //frmReader.Invoke(parsedRequest).GetAwaiter().GetResult();                      //return Task.CompletedTask;                      unitUnderTest.ModelState.AddModelError( ""Request"", ""Any error"" );                      } );"
Project.0002,Project's target framework(s) needs to be changed,Active,Mandatory,1,WarriorsGuild.Users\WarriorsGuild.Users.csproj,File,WarriorsGuild.Users\WarriorsGuild.Users.csproj,,,,,,,,Current target framework: net6.0 Recommended target framework: net10.0
